Word Count,Link Count,Spam Indicator
191,0,1
45,9,1
52,9,1
75,3,0
299,5,1
268,9,1
117,6,0
163,1,0
79,5,0
130,4,0
55,5,1
105,7,1
136,8,0
206,8,1
172,4,1
11,5,0
298,8,1
19,2,1
59,1,0
158,7,0
194,7,0
294,10,1
58,5,0
263,8,0
216,6,1
179,10,0
37,8,1
15,0,1
137,5,1
39,3,1
193,10,0
147,1,1
182,8,1
20,0,1
137,5,0
157,4,1
193,1,0
255,0,0
12,5,0
181,5,1
168,10,1
117,5,0
157,5,0
88,3,0
41,9,1
84,2,0
150,8,1
293,7,0
112,5,0
292,3,0
23,3,1
247,0,0
123,9,1
83,4,1
14,6,1
88,10,1
161,7,0
183,6,0
38,3,1
136,3,1
286,2,1
197,9,1
159,4,1
28,2,1
283,2,1
267,0,0
220,9,1
122,0,1
104,10,0
298,6,0
70,2,1
73,3,0
86,4,1
35,6,0
290,1,0
198,9,1
129,0,1
158,4,0
285,10,0
13,7,1
17,9,1
110,8,1
123,2,1
125,8,1
272,4,0
44,4,0
51,8,1
161,4,1
125,9,1
127,0,1
15,4,1
199,3,0
130,3,1
109,2,0
139,5,0
102,5,0
38,9,0
112,3,0
186,9,1
173,8,0
104,4,1
30,10,0
24,7,1
202,7,0
298,7,1
300,4,1
99,6,0
88,5,1
154,3,0
205,4,0
174,2,0
221,10,0
18,6,1
158,1,0
25,0,1
152,1,0
156,10,1
114,1,0
280,8,1
142,2,0
284,6,1
237,8,1
134,9,0
153,2,0
195,7,0
205,8,1
94,2,0
156,7,0
49,0,1
79,0,1
23,6,0
70,8,0
193,10,1
75,1,0
213,8,1
42,1,0
274,1,1
62,0,1
61,2,0
177,2,0
285,9,0
164,9,1
173,3,1
15,10,0
207,8,0
293,5,1
169,9,0
21,3,0
93,1,1
276,2,0
208,6,1
219,5,0
17,2,1
102,6,1
119,0,0
70,0,0
275,10,1
222,8,1
110,6,0
91,10,1
73,4,0
170,6,0
94,5,0
208,10,1
113,8,0
224,2,0
262,4,0
182,6,1
80,7,1
81,1,1
253,1,0
68,0,1
104,5,0
230,3,0
115,10,0
195,8,0
124,2,0
52,10,1
161,9,1
50,9,1
139,9,1
53,0,0
222,5,1
233,6,0
74,7,1
105,2,1
156,4,0
170,3,1
121,4,0
223,5,1
263,3,1
296,8,1
50,6,0
60,3,0
82,0,0
212,9,1
186,10,0
204,10,0
94,4,1
75,8,1
103,5,1
159,10,0
84,5,0
292,2,0
176,5,1
148,9,0
261,9,0
233,0,0
196,0,1
83,0,1
48,5,1
233,7,1
282,1,0
39,2,1
27,9,0
165,7,1
285,7,1
251,6,0
213,6,1
122,2,1
106,10,0
222,4,0
181,7,1
41,1,1
233,3,0
166,0,0
19,9,1
95,5,0
133,1,0
39,1,1
157,1,0
108,2,0
157,8,0
11,2,0
18,10,1
212,8,0
202,1,0
287,7,1
140,4,1
145,7,0
265,3,1
160,0,0
224,4,0
232,9,0
178,9,1
253,6,0
294,3,0
241,1,0
140,7,1
251,0,1
261,0,0
192,10,0
278,4,1
38,10,0
201,4,1
55,8,0
212,9,0
70,0,1
118,2,1
133,2,0
289,8,0
187,9,1
31,7,0
64,6,1
78,5,0
65,9,0
164,9,0
69,4,0
103,5,1
163,7,0
256,7,0
102,3,0
89,10,0
288,5,0
45,0,1
104,1,1
212,1,0
256,5,1
81,1,0
146,3,0
96,4,1
290,3,1
216,8,0
48,5,1
19,3,0
18,3,0
146,10,0
220,7,0
183,2,1
224,6,0
59,10,0
284,3,1
232,10,0
43,4,0
47,10,1
189,8,0
273,4,0
56,5,1
266,9,1
53,8,1
286,9,1
30,10,1
247,4,0
262,3,0
66,4,0
96,8,1
90,9,1
89,0,1
238,8,1
92,4,1
58,1,1
123,4,1
63,2,1
213,0,1
158,6,1
245,9,1
228,10,1
65,3,0
67,9,1
113,7,0
292,7,1
39,10,0
44,0,0
186,3,1
42,9,1
190,3,1
130,0,0
293,7,0
152,9,0
163,2,1
203,0,1
239,7,0
140,9,0
224,1,1
42,7,0
218,6,0
149,6,0
155,9,1
65,0,0
85,3,1
67,5,0
229,3,0
17,9,1
166,4,0
216,2,0
98,9,1
59,5,0
223,4,1
180,2,1
94,7,1
22,0,0
252,10,0
130,8,0
280,1,1
199,10,1
286,5,1
156,3,0
267,0,0
295,7,1
263,0,0
88,0,1
218,9,1
186,2,0
241,2,1
129,0,0
194,9,0
162,4,1
278,10,1
270,8,0
24,7,1
219,8,1
262,9,0
26,6,0
261,5,0
17,5,0
35,4,0
65,8,1
208,9,0
228,9,1
69,8,1
151,1,0
11,7,0
26,8,0
160,0,0
251,7,1
12,1,0
24,1,1
134,3,0
190,3,1
214,4,1
217,0,0
104,3,0
67,5,1
26,8,1
44,5,1
64,10,1
268,4,0
83,2,0
222,1,0
37,6,1
132,3,1
105,7,0
214,0,0
140,4,1
143,9,1
277,9,0
57,6,0
213,3,0
274,10,0
146,9,1
248,3,1
81,8,1
281,2,1
193,2,0
251,2,1
145,7,1
153,2,0
217,3,0
242,0,0
190,7,0
238,8,0
164,4,1
69,5,0
65,10,1
254,2,1
230,6,1
105,10,1
235,7,0
144,9,0
10,7,1
47,5,1
110,5,1
115,2,0
44,3,0
57,2,1
85,1,0
113,5,1
45,6,1
264,8,1
19,1,0
195,9,1
228,8,0
59,7,1
221,4,0
208,3,0
65,2,1
204,0,0
51,9,0
193,1,0
167,3,0
277,9,1
80,0,1
289,1,0
62,4,1
192,3,0
183,4,1
255,1,0
103,7,0
162,8,1
262,4,0
278,6,1
244,2,0
170,0,1
93,9,1
188,0,1
231,9,1
121,9,0
189,5,1
73,9,0
55,4,0
299,10,0
298,6,0
229,6,1
153,4,1
227,3,0
263,10,1
32,1,1
10,2,0
118,8,1
59,0,1
204,4,0
17,4,1
299,9,1
19,3,0
79,4,1
217,9,0
99,1,0
203,1,1
142,10,0
186,7,1
167,2,0
96,5,0
164,8,0
82,5,1
206,2,0
188,1,1
48,5,0
179,7,1
218,10,1
129,1,0
117,3,1
114,8,1
286,5,0
161,0,0
57,5,0
18,7,0
153,5,0
263,4,1
36,10,0
285,1,0
124,9,0
22,0,1
262,2,1
96,10,1
249,5,1
22,1,0
186,6,1
101,0,1
287,2,0
271,6,1
287,8,1
275,10,0
286,3,0
59,7,1
33,1,1
250,4,1
128,7,1
151,0,1
127,6,1
61,7,0
51,7,0
60,3,1
62,7,0
169,1,1
247,10,0
255,4,1
89,4,0
278,6,0
131,4,0
211,6,0
226,9,1
223,8,0
35,2,0
217,2,1
246,6,1
283,4,0
88,8,1
244,7,0
220,0,0
56,6,1
93,5,0
264,2,0
63,7,1
241,3,1
185,4,1
20,10,1
248,6,0
185,6,0
157,2,0
51,9,1
297,1,0
134,7,0
194,10,1
27,2,0
119,0,1
52,4,1
44,5,0
111,8,0
282,2,0
252,10,1
101,10,0
286,9,0
27,2,1
186,9,0
48,6,1
165,8,1
271,1,1
169,0,0
297,6,1
56,0,1
164,1,0
105,8,1
136,10,1
49,7,0
246,6,0
93,3,1
128,2,0
38,7,1
103,2,0
95,9,0
290,8,1
11,1,1
231,0,1
286,10,1
21,8,0
63,8,0
292,0,0
241,1,1
44,1,0
142,7,1
159,10,1
92,6,0
286,0,0
250,5,1
20,0,1
256,9,0
102,7,1
183,6,0
23,3,0
108,1,0
40,5,1
54,5,0
100,5,0
42,10,1
58,9,1
93,0,1
86,6,1
142,3,0
27,6,1
273,3,1
262,9,0
175,1,0
206,8,0
262,10,1
45,8,1
257,6,0
212,7,0
133,7,1
152,0,1
101,7,0
50,10,1
202,2,1
188,2,1
261,10,0
171,6,0
128,9,1
44,10,0
34,2,0
168,8,1
224,7,0
298,8,0
264,4,0
293,2,0
239,10,0
149,4,0
187,9,1
210,4,1
75,1,1
21,10,0
190,0,1
81,3,1
152,6,1
89,2,1
68,9,1
241,8,0
85,10,1
110,10,1
75,2,1
129,3,1
80,6,0
11,1,1
43,4,0
182,10,0
116,4,1
154,6,0
162,4,1
10,0,0
153,8,0
179,10,0
245,5,1
115,4,1
34,2,1
209,1,1
135,2,0
217,3,0
263,7,0
95,5,0
182,10,0
123,1,0
182,1,0
152,9,0
147,1,0
138,10,0
125,0,0
96,0,1
57,8,1
262,3,0
290,8,1
189,6,1
225,1,0
107,8,1
222,0,0
119,10,0
177,1,0
236,7,0
134,6,0
190,9,1
71,0,0
221,2,1
40,1,1
219,10,1
176,8,0
286,7,0
207,8,0
171,2,0
205,2,1
226,1,1
91,5,0
217,8,0
219,2,1
213,1,0
297,3,0
95,4,1
160,9,1
159,3,0
37,2,0
255,0,1
54,5,0
224,1,1
63,8,0
210,9,0
59,9,0
104,0,0
274,6,0
168,6,1
209,2,1
204,5,1
136,10,0
286,1,0
194,7,0
204,2,0
253,2,1
299,10,0
143,8,1
157,2,1
119,3,1
152,3,0
154,9,0
44,3,1
220,7,0
298,3,1
40,0,1
299,3,0
184,4,1
22,8,0
180,7,0
286,0,1
129,6,0
275,10,0
120,0,1
266,1,1
78,0,1
78,5,1
195,10,1
133,4,1
69,1,0
246,6,1
130,10,0
263,6,0
265,1,1
52,5,0
141,4,1
107,1,0
58,8,1
209,9,0
295,0,0
56,4,1
193,5,0
265,4,0
191,6,1
297,5,1
172,6,1
261,4,0
120,2,0
51,4,1
188,1,1
284,0,0
54,4,1
290,6,0
288,2,0
135,4,1
191,1,0
299,3,1
282,2,0
17,8,0
45,3,1
149,10,0
116,10,1
17,7,0
285,0,1
98,9,0
93,9,0
37,10,0
243,10,0
160,9,1
239,2,1
244,1,0
242,6,0
156,4,0
129,2,1
26,1,0
218,0,0
160,1,1
84,3,0
220,7,0
10,10,1
48,2,1
133,5,0
202,5,1
135,9,0
198,7,1
34,0,0
224,1,0
163,7,0
229,2,1
93,4,1
62,7,1
229,7,0
113,2,0
130,2,1
141,8,0
261,8,1
212,6,0
35,0,1
295,10,0
141,2,1
85,3,1
216,4,0
164,3,0
216,5,0
277,2,1
196,10,1
187,1,0
159,9,1
255,5,1
168,4,0
79,6,1
25,6,1
220,9,0
300,3,0
95,3,1
228,7,0
38,5,0
65,7,1
93,10,0
100,0,0
224,5,1
147,10,1
209,6,0
127,0,0
257,9,0
21,7,1
271,3,1
115,3,0
146,4,1
169,7,1
89,2,0
30,0,1
47,7,0
217,2,1
225,9,1
249,1,1
114,2,0
120,10,0
201,4,1
142,3,0
173,4,0
144,5,0
139,9,0
262,4,1
103,2,0
293,10,0
20,2,0
286,2,0
114,6,0
40,10,1
207,0,0
190,4,1
203,2,0
118,2,0
298,3,0
197,9,0
40,4,1
168,1,0
262,5,0
288,3,1
234,6,1
204,10,1
123,2,1
204,4,0
110,5,0
160,8,0
247,4,1
111,0,1
256,8,1
279,8,0
163,6,0
102,0,0
248,0,0
29,8,0
78,1,0
246,8,0
216,3,1
225,10,1
243,0,0
189,5,0
215,7,0
104,5,0
75,10,1
193,10,1
223,6,1
38,3,1
102,10,0
281,10,1
147,10,0
253,6,1
103,2,1
73,9,1
108,2,1
200,6,0
234,4,0
112,5,1
194,6,0
12,5,1
268,7,0
136,2,1
109,9,0
113,4,0
199,3,1
272,2,0
24,3,0
95,7,1
268,10,1
193,3,0
64,0,0
286,0,1
178,5,1
219,2,1
36,9,0
138,4,0
145,7,1
137,10,1
113,2,1
231,8,1
96,4,0
173,1,0
87,9,1
189,1,1
132,5,0
24,0,0
37,4,0
240,1,1
83,3,0
79,8,1
59,9,1
43,9,0
21,2,1
258,10,1
152,0,1
13,7,1
62,0,1
165,5,0
33,4,1
24,0,1
250,2,0
73,4,0
152,10,0
143,5,0
10,4,0
102,10,1
14,9,1
153,9,1
82,8,1
182,7,1
25,7,1
68,7,0
183,2,1
115,6,1
119,4,1
80,2,1
91,2,0
15,5,1
35,6,0
143,5,1
74,10,1
258,9,0
19,1,0
93,9,0
24,5,1
99,1,1
206,8,0
197,10,0
72,3,0
124,0,0
81,6,1
179,1,0
156,1,1
71,0,1
168,4,1
92,10,0
111,4,1
156,6,1
254,1,1
63,8,1
151,8,0
276,7,1
193,8,0
40,5,1
36,5,0
190,0,0
196,6,0
90,4,1
113,1,1
257,2,0
13,2,1
193,3,1
235,5,1
260,4,0
171,0,0
40,7,0
72,3,0
72,4,1
106,8,0
119,5,1
167,10,0
263,6,1
105,8,0
19,8,0
190,2,1
87,7,0
63,4,0
91,4,0
69,0,1
269,3,0
271,3,1
146,2,1
82,6,0
192,2,0
270,2,1
123,9,1
106,4,1
155,10,1
166,5,0
53,9,0
74,1,0
220,1,0
33,0,1
105,6,0
21,6,1
136,6,1
245,6,1
78,3,1
49,2,0
90,3,1
271,4,1
94,2,0
198,3,0
44,10,0
74,5,0
91,4,1
99,8,1
88,1,0
183,1,0
198,10,1
176,0,0
73,1,1
299,2,0
126,3,0
265,8,0
161,9,1
104,3,1
15,4,0
56,8,0
272,2,1
245,5,1
27,8,0
55,9,1
92,2,0
91,10,1
219,4,0
148,5,1
55,10,1
93,4,1
267,5,1
136,10,1
201,0,1
154,0,1
277,1,1
290,7,0
27,8,0
261,9,1
67,2,0
124,8,1
151,7,1
159,5,1
260,10,0
205,7,1
212,7,0
267,1,0
136,9,1
164,0,0
235,8,1
295,5,0
93,7,0
295,5,1
117,1,0
84,3,1
188,0,0
116,0,1
219,4,0
89,0,0
262,3,1
282,2,0
275,3,1
299,6,0
267,9,0
11,2,0
20,8,1
230,9,1
48,7,1
281,10,1
189,10,0
289,10,0
130,8,0
123,1,0
160,8,0
137,5,0
109,9,1
59,1,0
166,6,0
20,9,1
188,10,1
132,8,1
132,1,0
182,2,1
227,10,0
105,6,1
283,0,0
228,8,1
110,1,1
166,3,1
18,10,1
265,10,1
208,2,1
186,8,0
26,7,0
92,1,0
206,0,1
237,6,0
269,1,1
130,1,1
258,3,0
182,1,0
273,8,0
188,10,1
183,9,1
172,5,0
145,8,0
24,8,0
239,9,0
20,9,0
162,2,0
62,7,1
221,1,1
261,5,1
257,1,0
119,1,0
145,7,1
69,0,0
129,1,0
111,6,0
83,5,0
99,9,0
202,8,1
57,10,0
177,4,0
204,6,0
214,6,1
127,2,0
26,6,0
139,3,1
51,0,1
291,8,0
260,3,0
71,4,1
85,2,0
270,4,1
140,0,1
191,7,0
54,4,0
26,7,0
61,9,1
85,2,0
272,8,1
161,4,0
111,1,0
214,9,0
50,9,1
91,7,0
290,6,1
216,5,1
293,1,1
189,7,0
297,1,0
108,9,0
64,6,1
154,10,0
251,8,1
298,6,0
243,3,0
98,2,0
285,3,0
204,9,0
109,7,1
224,5,0
220,8,0
149,5,1
265,3,1
142,3,1
54,2,1
127,10,0
119,10,0
140,4,1
102,8,0
126,3,0
90,3,1
215,4,0
25,2,1
75,4,1
242,6,1
133,2,0
109,4,1
228,10,0
146,10,0
85,3,1
14,5,0
132,6,0
67,5,0
57,10,1
56,6,1
289,9,0
201,10,0
139,1,1
188,3,0
221,5,1
167,4,0
47,1,0
169,6,1
125,1,0
171,3,0
172,8,0
25,0,0
116,7,1
147,7,0
214,5,0
217,6,0
31,1,1
214,10,1
119,5,0
206,9,1
220,4,0
277,1,0
164,8,1
184,6,1
16,0,1
264,7,0
168,9,1
33,10,1
272,8,0
183,1,0
199,8,0
16,9,0
75,1,0
38,4,1
116,6,0
152,1,0
117,10,1
24,6,1
161,10,1
160,4,0
70,7,1
19,0,0
197,7,1
104,9,1
119,5,0
55,7,1
14,0,1
234,2,1
99,10,0
299,4,0
212,9,1
300,9,1
34,2,0
273,3,0
258,3,1
48,4,0
205,2,0
16,6,1
93,9,1
78,9,1
224,5,1
29,2,1
181,5,1
144,10,0
186,4,1
209,3,1
244,8,1
174,6,0
157,4,0
116,8,0
19,4,1
208,8,0
14,10,0
266,0,1
222,8,0
209,7,1
47,4,1
276,2,1
259,5,1
110,10,1
74,2,1
34,5,0
227,7,0
272,7,0
216,7,1
167,4,0
190,8,1
68,10,1
134,6,1
34,10,0
242,1,0
209,7,0
161,9,0
151,1,0
99,3,0
286,7,0
76,3,0
180,8,0
178,8,1
87,5,0
272,1,0
54,0,0
90,8,0
249,6,1
300,9,0
244,1,0
268,3,0
103,0,1
66,7,1
45,10,0
103,5,0
154,6,1
229,5,0
273,8,1
203,8,1
236,2,0
118,2,0
262,3,1
225,0,1
205,0,1
166,2,0
20,7,1
214,5,1
102,3,1
229,2,0
291,5,1
127,3,1
10,6,1
32,10,0
125,7,0
33,2,0
238,7,0
281,2,1
206,7,0
272,1,0
159,3,0
269,7,0
222,10,0
206,5,0
36,7,0
93,6,0
298,1,1
65,7,0
112,3,1
283,1,0
176,9,1
256,9,0
245,10,1
274,5,1
241,8,0
44,2,0
236,9,1
244,0,0
281,2,0
122,0,0
11,1,1
102,9,0
167,7,1
85,3,0
297,10,1
213,1,1
252,9,1
90,4,0
149,3,0
160,5,1
226,1,1
287,4,1
59,6,0
66,6,1
240,6,1
123,1,0
264,9,1
188,8,1
296,6,0
164,10,0
172,0,1
186,2,0
46,2,1
205,6,1
279,9,1
254,7,1
146,8,0
75,4,0
137,10,0
168,7,0
29,2,1
256,9,0
185,10,1
201,2,1
49,3,0
75,8,1
279,3,1
274,6,0
247,4,0
218,1,0
59,4,0
281,3,0
14,6,0
114,10,0
275,0,0
45,10,1
79,1,1
257,9,0
159,5,1
198,6,1
66,1,1
34,4,1
219,4,0
62,2,1
273,0,0
161,6,1
185,9,1
149,7,0
60,0,1
231,5,1
84,4,1
290,8,0
276,5,1
182,10,0
155,6,1
201,6,1
167,6,0
55,8,1
170,5,0
234,10,0
257,0,1
18,1,0
118,6,1
283,6,0
287,0,0
124,9,0
75,9,0
115,3,1
220,3,1
193,6,1
99,2,0
264,10,0
269,6,1
123,7,0
10,5,1
43,1,1
34,6,1
246,2,1
233,9,1
44,3,0
34,6,1
236,2,1
91,8,1
163,10,0
40,8,1
294,5,1
52,5,0
147,1,1
30,10,1
118,9,0
196,6,0
278,1,1
175,0,1
74,9,1
292,10,1
95,4,0
195,1,0
104,8,1
76,10,0
16,10,1
180,6,0
126,9,1
170,0,1
167,1,0
268,0,0
256,4,0
241,1,1
122,10,0
50,1,0
30,5,1
186,10,1
124,8,1
210,2,0
44,8,1
40,10,1
209,1,1
193,9,0
240,1,1
40,7,0
187,7,0
130,2,0
170,4,0
36,4,0
268,7,0
243,5,1
28,1,0
159,3,0
273,10,1
257,5,1
247,5,0
53,8,1
123,4,0
290,8,1
97,10,1
11,4,1
233,2,1
77,3,0
170,2,1
207,9,0
144,5,0
245,6,1
167,10,1
168,3,1
24,4,1
211,4,1
128,8,0
298,2,0
82,4,1
195,5,1
43,8,1
37,6,0
129,8,1
231,7,1
212,5,1
277,7,0
261,9,0
203,9,1
240,9,0
293,9,1
229,3,0
100,10,1
91,1,0
117,7,1
214,3,1
139,4,1
198,10,1
38,3,1
262,8,1
74,2,0
174,1,1
68,6,0
114,8,0
158,6,1
221,2,0
262,3,1
270,4,0
295,4,1
21,5,0
176,10,1
188,5,1
178,6,0
135,5,0
298,1,0
191,4,1
45,3,0
119,8,0
273,1,0
75,4,0
234,4,1
162,1,0
73,6,0
97,0,1
224,2,1
150,0,1
168,0,0
174,4,0
59,10,0
164,5,0
38,8,1
93,10,1
107,1,1
67,8,1
152,6,0
70,10,0
89,0,1
128,2,1
209,3,1
107,3,1
239,9,1
164,9,1
180,2,0
90,3,0
111,1,1
165,6,1
300,9,0
267,9,0
147,2,1
162,9,1
123,5,1
171,6,0
193,3,1
278,6,1
213,2,0
160,4,0
105,2,0
56,3,0
158,0,1
179,5,1
257,5,1
26,7,1
38,9,0
155,9,0
98,7,1
294,1,0
223,7,0
285,3,1
52,0,1
204,5,0
128,4,0
161,0,0
205,9,0
85,3,1
157,3,0
208,4,1
192,10,0
199,10,0
54,9,1
160,9,0
211,7,1
160,0,0
236,8,0
234,8,1
264,9,1
107,8,0
43,2,1
296,8,0
194,2,1
169,5,1
165,7,0
261,1,1
55,10,1
276,3,0
275,8,0
264,6,0
230,7,0
212,0,1
28,2,0
133,2,1
29,8,0
70,1,1
214,8,1
254,1,0
160,9,0
277,5,0
22,9,1
272,7,1
75,8,0
172,2,0
200,0,0
186,2,0
107,5,1
239,3,1
214,2,1
21,9,1
38,4,1
157,6,0
167,7,0
202,2,0
35,2,1
71,9,0
128,4,1
269,0,0
219,0,1
142,10,1
208,9,1
259,3,1
263,9,0
178,3,0
89,9,1
88,9,1
76,3,0
32,9,0
184,6,1
168,7,1
34,3,1
51,4,1
157,6,0
159,1,0
70,2,1
243,3,1
219,9,0
88,9,1
240,9,0
250,2,1
51,4,1
100,8,1
262,6,1
240,2,1
138,4,1
231,7,0
154,0,0
294,4,0
225,9,0
123,7,1
174,10,1
136,10,0
61,10,0
109,4,1
178,8,1
32,10,0
223,2,0
112,4,0
184,0,0
105,8,0
257,8,0
248,9,1
33,4,1
126,4,1
197,7,1
65,1,1
200,7,1
167,10,1
94,3,0
140,1,0
133,0,0
169,4,0
104,8,0
161,3,1
115,10,0
270,4,1
92,0,1
265,5,1
160,2,0
205,8,0
260,1,1
79,8,0
299,5,1
186,3,1
57,10,1
273,0,1
249,2,0
21,10,1
58,5,0
271,9,1
240,4,0
278,2,1
205,5,1
143,2,0
119,5,0
51,8,1
224,4,0
209,0,1
123,1,0
287,9,0
263,9,1
47,4,1
158,8,1
46,7,0
54,5,0
272,8,0
167,0,0
253,10,0
291,5,1
233,9,1
110,5,0
28,1,1
191,4,0
49,7,0
269,1,0
236,8,0
259,0,1
265,2,0
74,8,0
77,7,1
136,1,1
288,2,0
230,10,0
38,1,0
47,7,1
179,5,1
24,4,1
278,7,0
84,7,1
136,5,1
103,4,0
182,3,1
242,9,1
119,10,0
71,9,0
21,8,0
152,2,0
215,3,0
258,5,1
263,1,1
244,6,0
95,3,0
103,9,1
243,2,0
79,6,0
84,2,1
30,1,0
194,10,0
189,5,1
199,8,0
23,0,0
169,10,1
19,5,0
261,9,0
120,6,0
91,9,1
155,9,0
253,8,0
265,6,1
259,0,1
110,10,0
50,4,0
125,10,1
163,5,0
251,8,0
23,2,0
176,10,1
89,6,0
119,1,1
69,2,1
224,8,1
126,2,1
154,3,0
25,7,0
132,1,1
78,9,1
244,3,1
266,5,1
174,10,0
41,3,1
215,10,1
159,5,1
240,0,1
274,1,0
14,2,1
47,0,0
204,3,1
253,5,1
11,3,1
118,9,0
201,6,0
204,4,1
15,5,1
51,4,1
105,7,0
134,2,0
223,3,0
211,1,1
106,0,1
164,2,1
141,5,1
175,6,0
245,8,1
201,3,1
86,6,1
65,3,0
291,2,0
68,8,0
203,1,1
101,10,1
103,2,0
214,5,0
160,9,1
90,7,0
272,4,1
156,4,0
87,5,0
12,7,1
33,7,0
60,1,0
116,4,0
250,3,0
56,5,0
210,2,0
257,3,1
222,2,0
35,2,0
160,0,0
174,2,1
45,5,1
110,6,1
294,9,0
258,4,0
225,10,0
131,5,1
15,8,0
55,2,0
33,8,0
258,3,0
84,2,1
36,9,1
220,0,0
118,10,1
293,6,1
192,1,1
163,0,1
265,6,1
39,9,1
175,7,1
63,1,1
219,0,1
171,8,0
173,4,0
100,7,1
157,2,0
163,10,0
61,0,0
206,4,1
56,0,0
36,2,1
130,8,0
239,6,1
116,8,1
174,1,0
258,10,0
128,5,1
66,4,0
254,0,1
179,6,1
242,8,1
180,6,1
197,10,0
190,6,0
74,2,0
194,5,1
235,0,0
45,3,0
55,0,1
232,8,0
282,3,0
121,3,1
107,2,0
195,9,1
78,2,0
117,7,0
60,4,1
212,1,1
280,6,1
236,6,0
266,7,1
80,7,1
85,3,1
114,2,0
85,10,0
145,6,1
283,9,0
193,2,1
40,2,0
138,9,0
132,8,0
136,10,0
55,2,0
66,9,0
241,5,0
52,9,0
74,7,1
193,10,1
121,6,0
16,8,0
17,10,1
258,0,1
50,9,0
228,1,0
139,1,1
89,7,0
79,4,1
14,2,0
255,6,1
149,7,0
245,7,0
84,2,0
185,6,1
210,7,0
217,1,1
127,8,0
248,7,0
92,2,1
220,7,1
136,6,0
163,10,1
270,1,1
215,6,0
68,9,1
217,7,0
222,10,1
15,1,0
281,7,1
287,10,0
267,9,0
161,9,0
198,3,1
267,4,1
113,4,0
149,10,1
139,10,1
239,1,1
76,9,1
210,1,1
139,9,0
44,0,1
280,8,1
76,5,0
154,5,1
76,9,1
156,0,1
40,0,0
132,3,0
50,2,0
145,3,1
235,9,0
103,6,0
253,6,1
201,7,1
77,10,0
194,7,0
51,4,0
292,10,1
133,7,0
79,6,0
298,1,0
271,8,1
164,5,0
119,10,1
204,1,1
291,7,1
104,10,1
154,7,0
272,6,0
164,6,0
17,2,0
260,6,0
255,6,1
151,8,0
66,7,1
55,7,0
51,8,1
14,0,1
285,0,0
142,7,1
123,8,1
110,1,0
177,5,1
199,1,0
13,2,0
158,10,0
85,10,0
92,2,0
217,3,0
177,6,0
280,0,1
116,4,1
272,8,1
39,6,1
130,4,0
164,6,0
172,5,1
118,0,1
191,4,1
60,8,1
16,2,0
255,9,0
128,0,0
281,8,1
183,10,1
115,0,1
294,6,1
107,0,1
164,4,0
176,6,0
207,4,1
128,8,1
133,6,0
117,6,1
148,8,0
114,3,0
146,0,0
175,4,0
252,3,1
298,9,0
56,4,1
132,4,1
265,0,0
257,3,1
282,8,0
300,8,0
207,6,0
276,5,0
158,4,1
298,8,1
16,9,1
99,7,0
234,5,1
190,1,0
207,10,1
86,9,0
293,8,0
36,5,0
43,9,0
81,3,1
11,8,0
69,3,1
141,8,0
287,8,0
197,6,1
253,6,1
99,2,1
86,9,1
114,5,1
56,10,0
132,0,1
245,1,1
217,7,0
194,10,0
96,4,1
36,5,1
70,1,0
240,0,1
132,0,0
249,3,1
102,2,1
77,5,1
19,0,1
15,3,0
195,10,1
262,4,0
208,7,0
23,2,1
94,2,0
279,4,0
265,8,1
144,2,0
191,2,1
120,4,0
86,5,0
118,7,1
56,2,1
45,6,0
128,5,0
296,7,1
139,9,0
206,0,0
77,8,1
74,2,0
62,1,0
225,5,1
166,7,0
96,4,1
31,4,1
64,6,0
137,6,0
61,7,1
256,1,0
125,6,0
150,9,1
208,8,0
112,1,0
286,7,1
28,6,0
22,0,1
285,9,1
56,3,0
203,9,1
114,7,1
272,4,0
73,2,1
165,9,0
224,3,1
24,7,0
22,4,1
159,8,0
137,3,1
89,3,0
88,4,1
229,5,0
144,7,1
278,3,1
187,9,0
121,6,0
185,6,0
197,5,1
262,5,0
178,8,1
287,1,0
169,3,0
119,4,0
218,10,1
219,8,1
270,4,1
257,8,1
52,9,0
188,4,1
59,6,1
153,1,1
193,1,0
136,6,1
152,7,0
53,0,0
244,8,0
72,2,1
91,5,1
115,9,0
187,7,0
41,5,0
154,4,0
79,5,1
252,1,0
53,0,1
102,2,1
126,6,0
49,1,0
192,4,0
158,10,1
101,3,0
171,8,1
146,8,0
192,6,0
204,0,1
87,10,0
135,6,1
295,4,0
279,5,1
86,5,1
194,9,1
47,4,0
240,6,0
192,0,0
214,10,0
245,1,1
295,10,1
276,6,0
283,2,0
248,1,0
135,7,0
195,1,1
97,9,1
270,3,1
50,0,0
243,2,0
80,6,1
281,5,0
236,10,1
123,7,0
117,8,0
136,10,0
107,4,0
82,10,0
199,5,1
107,3,0
294,5,0
293,1,0
133,5,0
31,0,0
61,1,1
251,6,1
165,9,1
259,1,1
230,6,0
20,10,1
265,1,0
211,2,1
271,6,1
102,3,1
140,7,0
109,2,1
176,8,0
86,6,1
220,4,1
125,4,0
232,4,0
225,0,0
289,8,0
177,3,0
160,2,1
241,3,1
15,1,1
149,10,0
20,6,0
264,10,0
79,4,0
199,1,1
123,7,1
119,10,1
145,7,1
90,7,0
53,2,1
205,4,0
124,9,0
17,8,0
218,6,1
57,1,0
200,6,0
23,2,1
287,8,0
54,0,0
135,3,0
169,0,0
27,5,0
248,7,1
292,3,1
113,5,1
65,2,0
299,7,0
78,10,1
136,2,1
155,3,1
200,8,1
168,5,1
193,6,1
35,2,0
196,8,0
174,0,1
270,5,0
278,3,1
234,5,0
205,3,1
27,0,1
81,7,1
183,1,0
107,4,0
31,0,1
181,1,0
122,7,0
107,0,0
229,8,1
122,6,0
145,8,0
29,9,0
156,2,1
253,10,0
90,6,1
139,10,1
297,1,1
26,4,1
110,0,0
28,5,1
80,1,0
201,6,0
187,0,1
24,10,1
275,3,1
170,0,1
131,5,1
78,5,0
165,2,1
84,3,0
48,4,1
222,3,1
231,0,1
55,2,0
215,6,1
202,0,0
299,2,1
191,6,1
149,7,0
24,1,0
71,8,0
49,4,0
169,6,0
48,9,0
156,8,0
264,2,0
295,3,1
277,4,0
122,0,0
136,6,1
27,7,1
227,2,1
170,3,0
179,5,0
45,2,1
93,2,0
241,2,1
63,6,1
252,6,0
152,3,1
207,1,0
165,3,1
262,8,0
130,4,0
149,0,0
32,9,1
30,8,1
99,10,0
174,8,1
72,7,0
131,4,1
241,9,1
268,3,1
67,9,0
285,9,0
180,2,0
163,8,0
245,2,1
54,2,0
194,8,1
174,8,0
254,3,0
277,3,0
291,1,0
178,0,0
172,5,1
174,7,0
188,10,1
225,0,1
183,2,0
283,8,0
231,4,0
55,4,0
250,7,1
73,5,0
124,0,0
179,1,0
159,9,0
244,10,1
29,8,1
91,10,1
44,9,0
151,7,1
176,6,0
230,10,0
169,1,0
270,1,1
250,3,1
77,7,1
28,2,0
161,9,1
61,5,0
59,7,0
220,5,0
214,3,0
127,5,1
16,3,0
274,2,1
94,5,0
155,9,0
122,7,1
264,3,0
146,5,1
258,5,0
89,8,0
97,2,1
216,1,0
260,8,0
158,2,0
53,0,0
233,7,1
272,10,0
192,7,0
213,2,0
238,5,0
32,1,1
95,5,1
184,3,1
154,7,0
297,3,0
105,9,1
46,0,1
150,4,0
290,10,1
121,0,0
264,3,1
77,0,0
27,9,1
31,3,0
271,0,0
78,7,1
181,4,1
202,6,1
116,2,1
21,4,0
12,2,1
300,2,1
295,9,0
99,10,0
43,4,1
153,2,0
167,4,0
117,5,0
144,5,0
28,2,1
282,1,0
65,1,0
94,5,0
185,5,0
11,2,0
152,5,1
138,7,1
235,9,0
218,8,0
280,2,0
61,2,0
186,7,1
34,0,1
98,8,1
151,4,0
236,5,1
166,2,1
52,4,1
111,1,1
12,5,1
86,5,1
46,5,0
294,5,1
183,2,0
98,2,1
267,9,0
30,1,1
75,5,0
186,9,1
35,9,0
163,7,0
290,7,1
288,10,0
46,9,0
208,3,1
165,1,0
160,8,0
94,5,1
152,1,0
233,6,0
18,3,0
134,1,1
294,8,1
277,9,0
172,10,0
57,6,1
223,6,0
94,5,1
243,9,1
13,5,0
28,5,0
216,3,0
23,3,0
178,3,0
214,7,1
268,10,0
72,6,0
99,10,0
154,2,1
204,2,0
158,7,1
12,1,1
173,2,0
67,4,0
30,5,1
232,8,1
127,10,1
187,2,1
11,6,0
299,2,0
49,6,0
133,1,1
14,5,1
30,9,1
207,8,1
200,7,1
130,7,0
13,4,1
71,5,1
249,4,1
251,0,0
49,1,1
121,2,1
209,4,0
74,3,1
284,1,0
54,5,0
251,9,1
47,4,1
212,8,0
274,0,0
268,8,0
186,3,0
69,4,0
246,6,0
138,4,1
150,1,0
27,5,1
152,8,0
169,5,0
267,9,0
164,6,1
195,0,0
137,7,1
260,2,1
294,1,0
178,3,1
265,4,1
141,3,0
199,2,1
67,9,1
160,7,0
298,5,0
228,7,0
183,9,0
41,6,1
93,1,0
209,2,1
211,7,1
176,1,0
201,1,0
49,2,0
159,2,0
105,8,0
135,1,0
292,2,0
152,3,0
63,3,1
199,7,0
281,3,1
192,4,0
195,5,1
198,10,1
165,9,1
78,2,0
158,1,0
284,3,1
44,6,0
157,10,1
33,8,1
39,0,0
45,9,1
143,7,1
93,4,0
45,9,0
194,6,0
21,4,1
254,8,1
212,9,0
222,6,1
110,4,0
214,6,1
153,4,0
13,2,1
35,2,1
103,5,0
17,3,1
77,6,1
254,2,0
197,5,1
127,0,0
222,4,1
293,1,0
46,9,0
26,9,0
300,0,0
21,9,1
141,1,0
96,6,1
245,10,1
174,8,0
210,0,0
172,9,0
14,5,1
117,2,1
114,3,1
245,5,0
164,5,0
148,3,0
113,1,0
42,3,1
260,9,0
156,8,1
79,4,1
27,5,0
253,1,1
82,2,1
36,0,1
158,3,0
81,2,1
249,6,0
79,5,0
104,10,0
47,10,0
16,8,1
17,1,1
32,9,1
270,7,0
278,10,0
45,10,1
292,7,1
84,10,1
134,3,0
13,4,0
112,9,1
193,4,1
125,7,0
249,2,0
284,6,0
270,10,0
88,7,0
254,4,1
19,0,0
236,4,1
182,5,1
42,0,0
206,0,0
181,5,0
296,2,1
146,6,1
29,4,0
115,4,0
71,7,1
256,8,1
107,3,0
146,0,1
199,6,1
184,9,1
286,4,0
140,9,0
164,3,1
88,9,1
31,5,0
40,10,1
254,2,0
145,4,0
169,5,1
223,3,1
210,8,0
164,5,0
34,4,0
288,1,0
52,6,1
209,6,1
181,6,1
299,10,0
298,6,1
225,6,1
244,4,0
109,7,1
141,0,0
129,4,1
57,10,1
49,7,1
249,9,0
69,2,0
188,4,1
70,2,0
21,0,0
251,9,0
153,5,1
64,1,0
241,3,1
10,10,0
102,9,1
278,0,1
159,10,0
32,2,1
142,3,0
78,10,0
284,10,0
238,7,0
184,0,0
63,4,1
42,5,1
34,8,0
69,5,1
255,4,0
285,2,0
216,3,0
217,2,1
201,2,0
211,0,0
105,6,1
149,7,0
206,5,1
23,1,0
92,2,1
251,9,1
92,3,0
281,9,1
151,9,1
205,5,1
87,6,1
76,3,1
233,2,0
224,10,0
143,4,0
79,5,0
206,3,0
25,1,0
235,6,0
115,2,1
190,0,0
101,3,0
176,8,1
211,0,0
59,1,0
246,6,0
49,7,0
278,4,0
173,2,1
241,4,0
28,3,0
202,1,1
240,1,1
240,7,1
167,7,0
144,2,1
161,0,0
225,6,0
182,1,1
226,9,0
208,3,0
81,2,1
60,4,1
231,0,1
16,3,0
197,7,1
246,4,1
289,3,1
219,1,0
293,3,1
148,9,1
193,4,0
182,6,1
203,5,0
50,10,1
280,7,1
105,4,0
288,4,0
99,9,1
157,6,0
98,9,1
108,7,0
201,1,1
283,6,1
204,7,0
250,0,0
193,4,1
67,9,0
291,9,1
33,10,1
103,1,0
41,5,0
69,2,0
226,0,0
73,3,0
259,2,1
145,5,1
59,9,1
67,10,1
256,5,0
290,10,0
128,5,0
111,8,1
49,8,0
232,3,0
119,9,0
23,3,0
274,7,1
240,8,0
119,6,0
258,8,1
233,2,1
215,10,0
150,0,0
44,9,0
204,5,1
162,8,0
260,10,1
181,0,1
269,3,0
194,7,0
58,9,0
248,8,0
133,5,0
206,9,0
269,8,1
38,1,1
257,0,0
26,0,0
119,7,1
241,4,0
112,6,1
51,7,0
21,4,1
171,3,1
36,2,1
76,8,1
225,8,1
289,7,1
87,8,1
216,3,1
282,9,1
159,5,0
252,10,1
168,7,1
268,10,1
241,6,1
276,7,1
82,10,0
259,3,1
283,10,1
54,8,0
117,2,0
191,4,0
77,0,0
212,0,1
73,3,1
228,3,1
235,2,1
240,9,0
86,0,0
220,1,1
196,7,1
42,5,0
290,4,0
210,2,0
253,0,0
263,7,0
227,7,1
249,2,1
53,1,1
89,7,0
10,3,0
87,1,1
179,0,0
117,6,0
24,1,1
211,6,0
126,9,1
15,7,0
150,2,1
261,3,1
179,0,0
271,0,0
220,7,1
198,9,0
248,8,0
226,2,1
179,4,0
223,3,1
284,6,0
257,2,1
66,1,1
246,3,0
265,4,1
76,10,1
94,4,0
75,6,0
92,7,0
135,8,1
147,0,0
83,8,0
136,1,1
76,9,0
70,8,1
138,6,1
101,10,0
233,2,0
189,9,1
43,8,1
63,10,1
204,4,1
254,10,1
184,7,1
232,9,1
40,9,1
48,10,0
10,0,0
153,9,1
88,0,1
42,2,0
59,8,1
91,4,1
134,4,0
235,0,0
236,2,0
176,3,0
16,0,0
258,10,1
65,0,1
184,1,1
190,5,0
202,9,0
140,1,1
25,2,1
264,1,1
95,8,1
83,3,0
217,7,0
87,3,1
70,7,1
77,6,0
63,10,0
183,8,1
14,6,0
50,5,1
36,7,1
215,1,1
56,0,0
70,1,1
222,0,1
46,10,1
157,5,0
145,3,0
42,9,0
91,0,0
139,8,1
244,1,1
288,3,0
223,4,0
282,6,0
222,0,1
119,10,1
185,9,1
11,0,1
120,0,0
93,3,1
140,10,0
113,0,0
183,1,1
139,8,0
37,4,1
114,5,1
251,7,0
223,10,1
88,8,1
255,7,1
79,0,0
86,10,1
244,2,1
276,4,0
109,6,1
110,2,1
19,0,0
275,7,0
252,10,0
85,3,1
46,1,0
50,5,0
223,1,0
192,6,0
78,2,0
164,9,1
23,8,0
96,6,1
129,2,1
74,3,0
159,9,1
89,8,1
154,2,0
46,10,0
206,2,1
152,3,1
263,5,1
167,1,1
242,3,1
251,4,1
42,4,0
262,10,1
95,9,0
56,7,1
77,1,0
74,0,0
38,3,1
25,5,1
146,10,1
294,1,0
233,8,0
270,2,1
218,4,1
117,10,1
159,3,1
47,0,0
213,0,1
166,4,1
45,1,0
234,0,0
120,6,0
118,10,0
17,9,0
90,0,1
155,5,1
123,10,0
73,3,0
98,10,0
38,1,1
78,0,1
148,10,0
149,9,1
203,8,1
146,8,1
225,10,1
173,9,0
113,9,0
170,5,0
12,2,0
276,8,1
175,3,1
151,6,1
197,4,0
35,0,1
22,3,1
185,5,0
210,8,1
72,6,1
199,9,0
102,4,0
150,3,0
154,7,1
176,1,1
163,7,1
47,8,1
220,1,0
300,9,0
217,2,1
224,6,0
30,3,0
173,1,1
147,6,1
244,10,1
108,8,0
66,10,1
68,1,1
155,9,1
51,0,0
190,2,0
242,8,0
282,10,1
291,7,0
252,7,1
25,9,0
191,7,0
134,9,0
54,3,0
28,0,0
82,8,0
122,3,0
98,8,0
130,7,0
29,6,0
95,9,1
243,5,1
34,9,0
72,2,1
93,6,0
290,10,1
170,7,1
170,5,0
32,9,0
174,10,1
293,10,1
84,4,1
215,9,0
56,7,1
299,9,0
241,4,0
10,2,0
113,2,1
175,1,1
179,6,0
25,9,1
291,6,1
290,10,0
213,7,0
228,10,0
209,7,0
112,10,1
136,3,1
272,9,1
104,6,0
16,6,0
70,4,0
87,8,1
218,4,1
283,8,1
221,2,1
122,6,1
143,0,0
87,0,0
161,3,1
237,10,0
72,9,1
248,7,1
91,5,1
279,1,0
192,6,0
112,0,0
82,1,1
156,4,0
239,1,0
175,5,1
14,8,1
84,2,0
167,5,0
105,5,0
176,3,0
206,8,1
29,7,1
83,4,0
164,5,1
41,10,0
171,10,1
187,0,0
264,1,0
237,8,0
112,9,0
66,9,0
290,0,1
293,9,1
127,0,0
24,4,0
229,6,1
283,10,0
191,4,0
183,2,1
177,9,0
263,2,1
72,8,1
140,1,0
196,10,0
198,8,0
182,2,0
175,9,1
82,4,0
128,1,1
279,6,0
188,0,1
60,3,0
215,7,1
280,5,0
104,6,0
110,10,0
114,8,1
25,3,1
164,3,0
22,7,0
52,4,0
166,6,1
174,7,1
263,3,1
135,8,1
176,9,0
211,6,0
205,3,1
293,6,1
122,7,1
293,10,1
47,3,1
127,9,0
193,5,1
136,7,0
198,2,0
62,9,0
86,3,1
263,9,0
283,10,1
157,1,0
48,4,1
252,10,1
133,6,0
78,2,0
11,6,1
112,2,1
23,7,1
217,1,1
155,1,0
43,2,1
108,9,0
175,8,1
62,2,1
25,10,1
153,8,0
59,0,0
57,7,0
105,7,0
66,8,1
137,9,1
216,10,0
78,10,1
79,9,1
150,5,1
227,5,0
283,4,1
61,5,1
25,6,0
103,5,1
14,3,0
64,5,0
232,0,1
61,5,0
284,8,0
12,6,0
88,1,1
286,0,1
227,2,1
193,2,1
202,10,1
254,7,1
300,0,1
291,4,1
284,10,1
83,6,1
191,8,0
48,0,0
198,6,1
225,9,0
62,1,0
169,1,0
108,2,1
216,6,1
237,9,0
94,8,1
284,10,0
297,6,0
190,1,1
103,5,0
59,0,0
259,2,1
18,10,0
213,9,0
20,7,0
238,6,0
253,3,0
125,9,1
230,9,1
161,7,0
210,8,0
155,6,0
255,1,1
19,0,1
167,3,0
55,6,1
299,10,1
148,5,1
102,8,1
165,4,0
219,4,0
177,6,1
127,5,1
254,2,0
157,6,0
267,8,1
170,2,0
149,5,1
37,7,1
109,6,0
51,6,0
93,6,1
200,6,0
12,4,1
95,1,1
38,1,1
41,8,0
264,8,1
85,2,0
220,2,0
284,0,1
147,2,1
99,6,1
14,3,1
88,6,1
58,2,0
222,10,1
187,3,1
300,6,1
25,5,0
187,2,1
124,10,0
207,5,1
93,5,0
97,0,0
54,4,0
199,8,1
299,2,1
176,5,0
167,5,0
242,6,0
265,2,0
190,2,1
245,7,0
295,5,1
73,4,1
212,5,1
90,0,0
75,9,0
243,7,0
133,1,0
114,0,0
80,3,1
181,4,1
45,3,1
160,9,0
125,3,0
130,0,0
18,5,1
34,2,0
288,4,1
74,9,0
219,7,0
21,0,1
159,5,1
144,1,0
168,2,0
215,9,0
110,10,0
41,3,1
93,9,0
157,4,1
256,4,0
97,5,1
185,6,0
110,8,1
11,4,0
237,0,1
139,9,1
139,2,1
27,7,1
145,6,0
228,6,1
230,5,0
126,4,1
84,6,1
90,6,1
172,10,1
92,5,0
211,5,0
297,1,0
194,7,1
261,1,1
92,0,1
125,2,0
198,7,1
197,8,0
102,8,1
178,3,0
32,10,0
207,3,0
19,0,0
174,3,0
72,10,1
288,7,0
129,4,0
182,8,0
167,5,0
180,0,1
203,5,1
37,2,0
69,5,0
164,4,1
58,4,0
33,1,0
89,4,1
130,3,0
274,1,1
160,2,0
177,0,0
266,1,0
41,8,1
158,5,0
54,2,0
224,7,1
96,7,1
212,10,0
167,5,0
174,5,1
151,2,0
77,9,1
11,7,0
43,7,1
92,7,1
155,5,1
168,6,1
240,8,0
114,10,1
169,4,0
36,5,0
218,7,1
169,3,1
100,1,1
62,3,1
224,2,0
179,0,0
233,4,1
263,8,0
278,7,1
133,5,0
49,9,0
102,3,1
125,4,0
111,10,1
285,3,0
87,1,1
111,0,0
286,6,0
210,3,1
246,4,0
76,8,1
300,9,0
38,3,1
53,1,0
83,0,0
136,0,1
58,0,0
42,5,1
282,5,1
298,1,0
168,8,0
298,5,1
202,5,1
227,5,1
91,9,1
196,9,0
126,4,1
249,1,1
215,1,0
256,2,1
265,6,1
173,7,0
173,2,0
253,10,1
81,9,1
106,6,1
16,10,1
172,4,0
203,3,0
133,2,1
191,6,1
103,3,1
193,3,0
42,7,0
293,2,1
23,10,1
175,0,0
264,10,1
248,3,0
96,10,0
113,6,0
14,1,1
181,2,1
41,0,1
47,6,1
10,4,0
269,7,0
264,7,0
144,0,0
178,3,1
152,6,1
112,4,1
125,5,0
41,10,1
53,1,0
199,9,0
56,1,1
224,1,0
295,6,1
128,2,0
241,0,1
203,10,1
30,10,1
53,3,1
170,2,0
114,0,0
131,10,0
287,2,1
242,8,0
51,0,1
56,6,0
230,2,0
161,10,1
178,6,0
260,2,1
124,5,1
101,5,1
235,8,0
235,10,0
86,10,1
10,1,0
113,8,1
178,0,1
51,6,0
11,2,1
184,8,1
120,10,0
121,5,1
284,4,0
38,10,1
234,9,0
299,0,1
248,0,0
84,3,1
70,3,1
182,4,1
272,3,1
50,2,1
163,10,1
176,3,1
203,3,0
299,4,1
72,5,1
13,6,0
277,1,1
227,7,1
209,9,0
279,6,0
48,1,1
196,4,1
131,2,1
243,7,0
276,1,0
171,1,0
23,6,1
289,3,0
100,10,0
19,5,1
174,8,1
184,10,0
178,7,1
168,8,0
108,2,1
167,0,0
50,5,0
138,8,1
110,3,0
50,0,1
86,9,0
20,9,1
47,3,1
35,8,0
46,2,0
262,7,1
12,2,1
178,4,1
23,8,0
137,5,0
191,8,1
281,5,1
135,7,0
250,6,0
99,1,1
112,9,1
208,8,0
50,4,1
211,9,1
39,3,1
122,8,0
64,2,1
180,5,1
174,8,0
140,4,1
277,7,0
149,7,1
151,5,0
157,7,1
58,5,1
85,3,1
238,1,0
294,9,0
115,4,1
139,9,1
85,0,1
247,10,0
184,9,1
47,3,0
146,5,0
228,7,0
243,7,0
11,9,1
244,6,1
198,5,1
97,6,1
107,6,1
282,6,1
218,4,1
190,8,1
47,3,1
108,8,1
276,2,1
102,9,0
49,2,0
298,9,1
78,6,1
117,7,0
42,8,0
294,8,1
103,9,0
165,7,1
189,8,0
163,10,1
111,2,1
248,10,0
131,0,1
42,8,0
240,1,1
167,5,1
114,4,0
163,2,0
168,2,0
294,6,1
209,9,1
65,6,0
46,10,1
43,8,0
169,5,1
148,3,0
196,9,1
138,5,0
264,1,0
84,9,0
41,5,0
212,0,1
285,0,1
105,2,1
185,9,1
12,9,1
143,7,0
158,5,1
127,3,0
266,0,1
98,4,1
20,9,0
150,1,1
147,9,1
239,7,1
169,10,1
177,9,0
11,6,1
158,10,1
117,6,1
161,7,0
158,0,0
171,5,1
89,1,0
154,0,0
131,2,1
262,6,0
92,1,1
210,4,1
297,8,0
131,4,0
62,5,0
71,3,1
179,1,0
126,8,0
212,10,0
78,3,1
45,10,1
117,5,0
121,4,0
157,1,1
99,0,0
193,2,0
252,5,0
297,9,0
230,10,1
151,5,1
165,5,0
17,5,1
88,3,0
118,0,1
46,10,1
180,3,1
220,7,1
10,5,1
183,2,0
67,10,0
300,7,0
257,6,0
245,3,1
95,3,0
235,4,1
21,5,1
118,1,0
159,7,1
84,1,1
107,9,1
300,4,1
98,2,1
30,8,1
140,9,0
103,6,0
122,0,1
267,9,0
211,2,1
101,4,0
165,9,0
29,1,1
236,1,0
242,2,0
296,5,0
284,3,1
281,10,1
66,2,1
24,2,1
221,8,0
138,3,0
240,1,0
284,7,0
19,5,1
152,6,1
275,8,0
139,10,0
212,0,0
108,4,1
113,2,1
197,4,0
216,10,1
181,0,1
105,4,0
150,1,1
67,6,1
178,2,0
224,3,0
11,2,1
56,0,1
199,7,1
195,0,1
90,9,1
184,1,1
277,7,1
64,6,1
165,2,0
62,5,0
198,3,1
123,6,0
139,6,0
11,1,0
278,5,1
51,5,1
285,5,1
73,8,0
82,9,0
231,3,0
78,3,1
173,7,0
172,7,1
280,1,1
193,0,0
120,6,0
64,6,0
51,10,1
16,8,1
275,2,1
49,2,1
59,0,1
133,1,1
251,5,1
51,3,0
109,1,1
112,0,1
70,8,1
50,2,0
110,0,0
126,5,1
107,1,1
138,10,0
150,5,1
30,9,0
293,5,1
103,10,1
168,3,0
230,6,0
58,9,0
101,7,0
70,2,0
94,8,1
67,9,0
41,0,1
239,3,0
26,9,1
75,6,1
17,4,0
61,7,0
203,6,1
20,10,1
109,10,1
282,10,0
251,1,0
19,4,0
61,2,0
11,2,1
146,4,0
20,3,1
294,6,1
294,2,0
62,4,0
283,1,0
39,3,0
272,8,1
83,0,1
234,8,0
216,8,0
136,4,1
255,7,1
247,4,1
173,1,1
256,2,0
115,5,1
220,9,1
288,3,1
131,3,1
77,3,1
149,1,0
295,7,0
147,2,1
108,4,1
183,5,1
81,5,1
185,3,0
102,4,0
92,3,0
180,0,0
177,9,0
82,2,0
52,2,1
198,6,1
220,4,1
289,2,1
197,5,1
256,1,0
179,0,1
153,4,1
131,1,1
89,5,1
30,6,0
130,6,0
209,3,0
248,4,0
93,10,0
55,7,0
239,5,1
163,6,0
271,7,1
169,3,0
165,6,1
17,4,1
256,9,0
260,7,0
235,10,1
297,10,0
131,1,0
300,1,1
33,10,0
43,8,0
73,3,1
197,6,1
31,6,0
173,0,0
44,8,0
248,4,0
33,9,0
264,7,0
228,4,1
19,0,1
114,4,0
267,2,0
138,7,0
192,8,1
98,3,1
154,2,0
56,0,1
267,0,0
24,5,0
235,4,0
55,8,1
154,8,0
237,10,0
132,3,0
300,3,0
180,1,0
95,2,0
161,0,0
141,6,1
91,5,1
19,5,1
160,5,0
83,5,1
259,1,1
67,1,0
27,7,0
40,7,0
178,6,0
234,5,0
94,1,1
235,2,1
138,3,0
79,0,1
262,3,1
291,10,1
210,7,1
27,1,0
61,2,1
93,4,0
57,8,1
165,4,0
242,8,1
234,3,1
220,7,1
143,2,1
289,9,1
289,9,1
19,2,1
19,10,1
176,8,0
254,0,0
144,2,0
298,8,1
43,1,1
118,9,1
235,3,1
223,3,1
121,2,1
22,0,0
266,10,1
12,3,0
183,4,0
216,2,1
65,5,0
130,3,0
244,10,1
177,9,0
115,6,1
243,3,1
135,5,0
208,1,0
275,6,0
223,1,1
169,2,0
44,8,0
145,9,1
23,2,0
236,6,0
161,9,1
98,4,1
63,9,0
229,10,0
209,2,1
80,9,0
131,5,1
50,4,1
209,6,1
154,2,0
57,8,1
120,0,0
245,6,1
152,5,0
16,8,0
258,8,0
214,1,0
124,5,0
223,0,0
131,10,0
63,6,0
48,9,0
120,6,1
237,5,0
138,5,0
70,8,0
269,6,0
197,4,1
239,6,0
16,1,0
300,10,1
31,5,1
269,9,1
48,2,1
53,5,0
147,5,1
101,7,0
180,10,1
171,7,1
242,4,1
246,7,0
94,7,1
21,4,1
15,8,0
184,1,1
142,4,0
183,10,1
149,0,1
143,4,1
160,6,1
84,8,0
249,4,0
146,4,0
128,3,1
295,1,1
223,7,1
42,2,1
138,4,0
37,1,1
222,1,0
263,4,0
300,7,1
210,0,0
13,10,0
132,4,0
65,4,0
61,0,0
222,8,0
252,8,0
294,9,0
279,3,0
29,2,0
147,6,0
208,4,1
63,9,0
56,8,0
22,2,0
130,3,1
180,8,0
156,9,0
133,6,0
110,6,1
94,2,0
204,2,1
254,8,1
266,2,0
35,0,1
174,8,1
219,1,1
117,4,0
10,9,1
107,9,0
221,10,1
167,8,0
285,0,1
168,1,0
297,0,1
91,6,0
97,0,0
89,5,1
148,6,0
179,0,1
99,0,1
191,7,0
156,1,0
224,10,1
18,8,1
92,0,0
81,2,0
175,5,1
192,2,1
186,0,1
73,9,1
112,7,1
27,4,0
50,0,1
162,9,1
74,10,1
49,3,0
182,10,0
220,9,0
164,9,1
261,1,0
281,7,1
82,2,0
81,5,1
26,8,1
268,3,1
119,1,1
217,2,0
278,8,0
135,8,1
152,5,0
290,7,1
202,7,1
136,4,0
50,0,0
206,9,0
122,3,1
26,1,0
45,4,0
199,9,0
206,5,0
31,0,1
275,6,1
58,8,0
205,1,1
98,9,1
275,7,0
61,1,0
227,7,1
56,7,0
285,3,1
300,4,1
23,5,0
208,7,0
24,5,0
253,4,1
90,0,1
253,1,0
156,10,1
165,3,0
139,7,1
169,7,1
116,8,0
67,8,0
111,8,0
158,7,0
197,3,0
65,0,1
240,5,0
263,8,0
59,0,0
177,2,1
155,7,1
234,1,1
258,3,1
225,3,1
214,10,1
123,9,1
210,6,0
175,6,1
47,8,0
183,4,0
187,8,0
24,5,0
210,6,0
62,0,1
256,6,0
150,9,1
37,9,0
289,1,0
175,10,0
110,0,0
218,7,1
97,10,0
33,4,1
119,1,1
105,8,1
186,8,1
12,1,1
85,3,1
143,3,1
64,6,0
122,3,0
142,7,0
226,10,1
67,7,0
59,1,0
231,6,1
189,2,1
118,0,0
257,5,0
148,0,1
200,2,1
39,10,0
283,7,1
201,8,0
233,10,1
186,4,0
46,10,0
294,8,1
190,0,0
257,7,1
171,9,0
112,8,0
46,0,1
250,9,0
164,10,1
44,3,1
201,10,0
76,7,1
214,4,1
135,6,0
102,6,0
206,7,0
130,6,1
79,9,0
250,2,0
40,3,1
189,0,1
238,5,1
259,5,1
15,6,1
130,9,1
131,9,0
265,4,0
22,9,0
221,1,1
255,3,0
205,1,1
133,4,0
272,7,0
204,0,1
79,9,1
187,1,1
102,8,1
123,10,0
50,5,0
203,6,0
72,9,1
131,9,1
227,0,1
284,4,1
272,4,1
264,4,1
229,3,0
171,8,1
248,1,0
113,2,0
296,1,0
17,1,0
131,9,0
210,2,0
145,8,0
86,7,1
297,9,1
221,7,0
217,5,0
292,0,1
77,6,0
184,6,0
141,6,0
126,9,0
112,10,1
259,0,0
147,4,0
259,2,0
63,3,0
262,5,0
115,5,1
39,3,1
238,10,1
112,8,1
80,4,1
152,0,1
123,10,0
101,2,1
152,9,0
55,2,1
285,3,0
287,9,0
74,0,1
135,7,0
250,4,0
223,9,1
278,2,1
206,6,1
45,10,1
168,10,1
217,4,0
169,1,1
148,3,0
101,0,1
174,6,1
206,1,1
170,1,1
44,10,0
141,1,0
282,5,0
33,8,0
133,1,1
115,3,0
150,1,1
103,9,1
143,4,0
167,5,1
194,8,1
252,5,1
48,6,1
153,4,1
226,8,1
240,0,1
127,7,0
56,9,0
93,9,0
38,9,0
260,6,1
236,7,1
265,1,0
145,4,0
22,0,0
225,9,1
220,6,1
125,9,0
291,8,1
30,5,0
148,3,1
175,2,1
148,3,0
64,3,0
221,6,0
231,3,0
104,9,1
281,1,1
111,1,0
109,10,1
199,10,0
19,2,0
59,0,1
229,6,0
12,10,1
209,5,0
62,10,0
76,9,0
68,3,0
203,9,0
108,7,0
203,9,1
139,4,0
181,10,0
61,9,0
295,9,1
48,7,0
203,5,0
143,7,0
41,4,1
49,2,0
25,8,1
150,1,1
273,4,1
195,1,1
105,5,0
70,0,0
44,4,0
188,10,1
116,5,0
194,0,1
235,3,1
35,0,0
22,7,0
134,0,1
187,1,1
21,3,0
53,4,1
247,9,0
18,4,0
89,8,1
234,2,0
32,1,1
38,8,1
195,2,1
187,4,0
110,10,0
284,5,0
283,10,0
93,6,0
52,3,0
69,10,0
216,4,1
96,6,1
128,6,1
117,8,1
147,1,0
106,1,1
54,6,1
155,8,0
33,5,0
249,5,0
197,0,0
265,1,0
266,10,0
194,1,0
57,6,0
59,9,0
44,9,0
209,4,0
140,2,1
107,4,1
191,8,0
231,3,1
173,6,0
80,4,1
72,9,1
224,3,0
207,0,0
104,9,1
54,8,1
57,2,1
260,0,0
115,2,0
130,10,1
264,4,0
189,2,0
143,6,1
275,9,1
179,5,0
61,0,1
145,6,1
93,1,1
48,3,0
97,1,1
17,9,1
29,6,0
233,8,0
102,6,0
93,7,0
271,8,1
137,7,1
126,3,1
237,8,0
202,10,0
122,9,1
51,4,1
50,3,0
193,9,1
114,3,0
102,4,0
266,5,0
240,0,0
18,4,0
219,6,1
100,7,1
263,2,1
49,5,0
41,9,1
131,7,0
299,3,0
41,8,1
272,1,0
278,6,0
42,2,1
197,0,0
284,2,0
193,1,1
297,3,1
207,4,1
221,0,0
27,8,1
159,7,1
284,6,1
239,9,1
68,5,1
75,3,0
166,10,1
26,1,1
59,0,0
213,9,0
225,6,1
185,0,1
296,5,1
124,3,1
74,0,1
141,5,0
97,7,1
68,8,0
193,6,0
138,4,1
271,5,1
228,2,0
110,8,1
167,3,1
205,5,1
252,9,1
94,0,0
268,7,1
170,3,1
187,4,1
175,8,1
298,5,1
182,6,1
165,9,0
207,0,1
211,10,1
168,3,1
89,3,0
26,6,1
30,0,1
146,1,0
41,3,0
287,4,0
175,3,0
224,8,1
23,7,1
292,7,0
41,5,1
64,9,0
265,0,1
66,3,1
102,0,0
150,6,1
274,8,0
278,7,0
279,9,0
116,0,1
107,10,1
209,1,1
59,3,0
224,0,1
116,3,0
148,8,0
295,8,0
201,7,1
237,0,1
110,8,1
150,4,0
59,4,1
109,10,0
131,8,1
36,3,0
193,2,1
84,10,1
192,7,1
119,8,1
219,2,0
237,3,0
201,7,1
130,3,0
178,5,0
52,6,1
47,7,0
85,9,1
111,3,0
254,9,0
117,8,1
50,5,1
193,9,0
67,0,0
19,6,1
211,3,0
185,5,0
271,10,1
197,9,0
184,8,1
188,6,0
83,5,1
183,7,0
150,0,1
217,7,1
202,5,1
286,3,1
95,7,1
138,2,1
210,6,0
200,10,1
98,5,1
195,3,0
91,9,0
16,0,0
252,5,1
294,3,1
240,6,1
273,1,1
79,8,0
115,10,1
218,1,1
40,7,1
152,6,1
184,6,1
152,4,0
260,7,0
176,5,1
50,9,0
203,0,0
176,4,0
62,2,1
257,0,1
39,8,0
125,8,1
108,8,0
172,8,0
251,10,0
93,2,1
282,6,0
221,2,0
20,5,0
235,8,1
150,3,1
26,0,1
239,1,1
145,2,0
59,6,0
82,6,0
180,9,1
233,7,1
223,8,1
118,7,0
91,7,1
171,10,0
299,10,0
94,9,0
26,7,0
260,1,0
158,10,1
62,9,0
209,3,1
109,2,0
288,7,1
222,0,0
264,8,1
251,10,1
26,8,1
285,2,1
271,3,1
58,4,1
153,5,0
140,8,1
290,6,1
246,9,0
203,5,1
13,7,1
155,8,1
223,9,1
270,3,1
294,5,0
147,4,1
67,3,0
20,8,0
253,0,1
118,7,0
97,9,1
97,0,1
300,1,1
126,0,0
140,0,0
223,5,1
11,1,0
244,10,0
241,8,0
65,8,1
234,7,0
211,10,0
172,3,1
283,10,0
151,0,1
164,0,1
44,3,1
78,0,0
39,7,1
188,10,1
226,0,0
182,4,1
115,7,0
158,10,1
109,4,0
229,6,0
217,1,1
60,4,0
80,8,1
285,10,0
194,0,0
44,3,0
115,1,0
182,10,0
232,4,0
192,3,0
265,10,1
82,1,1
276,9,0
182,9,0
42,0,1
191,4,0
273,4,0
23,2,1
12,10,1
151,1,1
25,6,0
225,5,1
76,9,1
44,5,1
66,2,0
294,3,1
213,1,0
71,5,0
24,3,0
254,5,0
258,3,1
79,6,1
159,2,0
94,2,0
209,3,0
198,7,1
102,10,0
271,3,0
25,4,0
50,5,1
21,3,0
274,10,0
176,8,0
156,8,0
14,7,1
97,7,0
56,0,1
223,0,1
136,6,0
220,5,0
36,1,1
241,0,1
284,0,0
238,5,1
89,0,1
110,8,0
293,1,1
10,2,1
213,3,1
135,1,0
28,6,1
264,8,0
44,10,1
228,2,0
27,5,1
176,2,1
110,4,1
289,5,0
160,8,1
218,5,1
59,2,0
145,5,0
97,0,0
104,5,0
84,5,1
68,2,1
260,2,1
92,9,1
196,10,0
81,6,1
186,9,0
78,3,1
116,4,1
236,9,0
23,5,1
230,3,1
137,6,1
76,7,1
146,10,0
275,3,1
170,5,1
49,2,1
294,3,0
27,8,0
288,5,1
264,5,1
68,1,1
84,6,1
115,6,1
135,1,1
166,4,1
263,6,1
13,10,1
15,8,1
259,8,0
103,1,1
194,0,1
249,5,1
239,3,1
144,7,0
183,6,0
198,9,0
75,10,1
243,0,0
155,0,0
48,4,1
190,3,0
27,3,0
35,3,1
134,5,0
194,7,0
156,7,1
219,8,1
35,5,1
35,8,0
88,7,1
277,0,0
177,10,1
74,2,0
70,3,1
270,2,1
244,1,0
293,8,1
277,10,0
179,8,0
105,4,1
13,1,0
44,6,0
270,0,1
238,0,0
112,2,1
97,1,1
86,5,0
33,0,0
272,2,1
270,4,1
86,5,0
47,3,1
110,7,1
93,5,0
148,3,0
139,9,0
92,7,0
52,2,1
19,2,0
53,5,1
120,4,0
185,4,0
116,0,0
205,3,0
189,3,0
234,2,1
129,5,1
227,7,0
83,8,0
233,9,0
54,0,0
260,8,0
278,8,1
217,7,0
221,0,1
46,7,0
160,5,1
38,8,1
159,3,1
171,1,0
26,3,1
252,10,1
286,4,1
283,5,0
178,6,1
163,0,0
295,6,1
94,0,1
299,6,1
66,0,1
72,3,0
298,8,0
68,5,0
170,2,0
48,9,0
216,10,0
50,4,0
187,10,1
141,10,1
293,10,1
182,0,1
36,9,0
11,10,1
169,8,0
260,10,0
36,0,0
244,9,1
53,5,1
199,1,1
229,8,0
208,4,1
165,4,1
27,6,0
110,1,0
277,6,0
37,9,1
283,8,0
83,8,1
207,2,0
288,4,1
194,0,1
247,7,1
107,3,0
245,7,0
177,7,1
116,5,1
170,5,0
92,1,1
188,8,0
115,10,1
203,2,0
284,6,1
97,7,1
224,1,1
190,1,1
57,9,0
178,2,0
267,10,1
255,0,1
36,6,0
219,0,1
43,4,1
227,7,1
217,4,1
133,10,0
179,9,0
144,7,0
98,10,1
188,1,0
298,2,0
125,5,0
72,4,1
17,3,0
130,6,0
93,10,0
192,1,1
156,4,0
202,7,1
117,9,1
26,3,0
185,6,0
190,4,1
271,6,0
35,3,1
188,9,0
64,3,0
279,7,1
269,2,1
50,5,1
48,4,1
241,1,1
274,0,1
64,8,0
156,3,1
263,6,0
122,5,0
33,7,1
196,3,0
83,9,0
130,1,1
271,8,1
298,2,1
273,7,1
280,9,1
264,5,0
53,7,0
66,4,1
165,10,1
141,8,0
298,4,0
111,5,0
217,8,0
297,1,1
145,4,1
102,1,0
187,4,1
171,0,1
72,6,1
72,2,1
238,1,1
92,1,1
75,0,1
267,0,1
19,1,1
239,6,1
196,5,1
164,0,0
227,3,0
191,0,1
299,2,0
64,10,1
10,6,0
266,2,1
292,4,1
223,2,1
226,0,0
40,4,0
269,10,0
14,7,1
49,3,1
281,4,0
106,6,0
176,2,0
285,4,0
159,3,1
157,3,0
173,2,1
103,5,0
31,5,0
61,1,1
276,7,1
160,1,1
136,6,0
157,2,0
169,6,0
274,7,1
279,7,1
162,7,0
284,5,0
191,8,1
221,8,0
289,7,0
125,4,0
108,10,1
41,6,0
44,5,0
274,10,1
278,2,1
212,2,1
148,6,0
275,0,0
242,10,0
170,8,0
264,9,1
264,0,0
15,3,0
279,7,0
30,4,0
204,5,0
146,7,0
245,1,1
213,1,1
191,10,1
62,2,1
221,8,0
141,4,0
104,7,0
179,5,1
40,1,0
65,7,0
12,0,1
40,8,1
71,8,0
95,5,1
210,2,1
24,4,1
21,10,1
262,1,1
250,3,1
248,1,0
206,4,1
134,6,0
90,5,0
53,1,0
211,9,1
138,9,0
119,4,0
144,0,1
281,1,1
103,6,0
23,4,1
196,9,1
273,5,1
226,2,0
87,3,1
194,0,1
111,4,1
178,0,0
110,5,0
223,3,0
66,4,0
160,1,1
161,1,0
86,1,1
128,4,0
221,2,1
157,1,0
225,5,1
283,5,1
85,1,1
102,5,0
237,7,1
59,7,0
206,2,0
209,1,1
130,3,0
63,10,1
144,4,0
192,10,0
57,10,0
219,0,0
156,1,1
190,4,0
197,10,1
25,9,0
238,0,1
223,0,0
44,1,1
134,2,1
40,9,0
136,8,1
55,5,1
215,7,1
16,3,0
189,4,0
221,8,1
138,9,1
154,10,0
178,1,1
197,4,1
170,0,1
276,4,0
37,0,1
121,0,0
117,10,0
62,10,0
71,7,0
132,9,0
147,5,0
79,7,1
190,0,0
282,2,1
149,9,0
43,5,0
102,8,1
196,1,0
151,5,0
88,6,0
24,3,1
110,1,1
299,5,0
205,10,0
285,6,0
241,4,0
181,0,0
140,4,1
105,9,0
72,6,0
122,1,1
230,4,0
49,9,0
150,1,1
86,8,1
165,8,0
197,9,1
128,3,0
40,1,1
80,5,0
100,6,1
297,7,0
42,0,0
76,9,0
91,6,1
142,10,1
65,10,1
250,10,1
266,10,1
57,7,1
37,2,1
273,9,0
72,1,0
190,8,0
57,6,0
90,0,0
273,9,1
194,9,1
70,4,0
249,7,0
90,3,1
201,0,1
290,10,1
10,4,0
132,9,0
73,10,1
40,6,0
67,7,1
69,9,0
282,1,0
101,2,1
163,2,1
205,0,1
269,2,1
163,8,0
108,2,1
10,1,0
181,0,0
125,7,1
196,4,0
282,7,1
120,7,1
48,6,1
57,10,1
192,10,0
221,5,0
207,10,0
96,10,1
260,10,1
227,8,1
251,10,0
240,4,0
208,8,0
28,6,1
253,7,0
234,1,1
84,8,0
259,2,0
221,10,1
294,6,1
160,4,1
13,0,1
49,3,1
173,8,1
77,6,0
111,4,1
102,9,1
213,9,0
257,4,0
175,5,1
251,2,1
88,10,1
60,9,1
152,10,1
211,6,0
212,8,1
74,2,0
77,4,1
108,9,0
14,3,1
25,4,1
299,5,1
53,1,1
119,7,1
126,7,0
129,1,1
104,2,1
185,7,0
225,9,0
204,1,1
297,4,0
208,5,1
35,10,1
246,9,0
167,5,0
194,6,1
59,4,1
144,5,0
263,2,0
177,9,0
208,6,1
65,6,1
129,4,0
179,8,1
149,2,1
131,7,0
276,2,0
56,10,0
36,0,0
297,0,1
263,10,0
288,8,0
143,7,1
62,3,1
123,1,0
33,10,0
248,1,1
95,9,0
31,1,1
281,4,1
53,0,1
38,6,0
245,10,1
91,0,0
236,5,0
191,8,0
37,10,1
258,2,0
136,8,0
231,1,0
34,8,1
79,2,0
231,6,0
230,6,0
135,1,0
277,0,0
107,1,0
127,5,1
130,9,1
120,2,0
202,1,1
93,9,1
60,4,0
188,8,1
175,9,1
123,7,0
101,10,1
152,6,1
271,10,1
193,10,0
60,4,1
188,2,0
233,3,1
270,4,0
65,10,1
262,8,1
177,5,1
287,6,1
98,4,0
256,3,0
182,5,1
238,8,0
83,2,0
10,7,0
201,4,1
36,10,1
44,4,1
96,0,1
154,8,1
84,0,1
134,5,0
88,1,0
148,10,0
244,2,0
120,5,0
107,7,1
170,5,0
81,4,0
189,1,1
46,6,0
195,5,1
107,6,0
102,4,1
160,6,1
284,8,0
251,9,0
92,2,1
28,8,1
154,9,0
187,1,1
89,1,1
238,8,1
116,4,1
131,2,0
72,2,0
114,10,0
246,5,0
62,0,0
135,8,0
203,10,0
167,8,0
207,4,1
239,2,0
133,1,1
163,2,1
285,3,0
286,2,0
89,5,0
38,1,0
171,7,1
244,3,0
12,1,1
253,8,1
186,9,0
45,3,1
249,0,1
37,5,0
153,4,1
90,1,0
259,7,1
181,7,1
194,4,0
287,3,0
291,2,0
24,8,1
190,0,0
70,10,1
291,5,1
195,7,0
118,6,0
255,6,1
202,2,1
48,4,1
167,2,1
245,3,0
168,8,0
220,6,1
244,1,1
14,4,1
47,5,1
193,1,1
165,4,1
74,9,0
30,4,1
284,8,1
297,5,1
37,4,1
140,7,0
240,9,1
262,3,1
190,10,1
18,8,1
29,5,1
268,10,1
186,7,1
46,1,1
32,1,1
128,7,0
210,1,0
81,0,1
273,5,1
136,6,0
281,6,0
82,10,0
272,1,1
30,7,1
200,9,0
153,6,1
273,5,0
278,5,0
171,7,1
216,4,1
41,9,0
100,10,1
221,10,1
196,2,1
217,4,1
76,1,1
224,3,0
56,7,0
19,7,1
123,10,1
48,7,1
50,2,0
250,10,1
272,2,0
233,7,0
73,10,1
33,2,1
89,4,0
14,2,0
179,8,1
243,8,1
89,6,0
124,2,1
33,4,0
78,5,0
288,7,1
251,6,1
261,4,1
57,6,0
11,3,0
280,8,0
99,1,1
195,8,1
150,3,1
270,4,0
246,3,1
30,9,1
146,3,1
205,9,0
292,8,0
166,6,1
55,9,0
239,3,0
299,4,1
194,2,1
35,10,0
20,9,1
71,7,1
235,7,0
11,5,0
16,4,0
250,4,1
137,0,0
224,0,1
169,8,0
236,1,1
36,2,1
171,6,1
268,5,0
183,5,0
232,2,0
10,6,1
161,6,0
112,7,0
53,0,1
188,9,1
121,3,1
95,10,1
299,3,0
69,5,1
297,5,0
270,2,0
29,9,0
42,2,1
69,1,1
141,8,0
12,5,1
96,9,0
73,0,1
282,5,0
125,5,1
72,1,0
182,3,0
243,5,0
89,10,1
84,2,0
153,3,1
284,3,1
59,4,1
223,2,1
99,7,0
284,8,0
179,3,1
170,9,0
226,7,0
152,10,1
150,0,0
39,1,1
269,6,0
11,5,1
122,5,1
74,4,1
86,10,0
151,0,1
293,0,1
239,6,0
19,7,0
118,0,1
267,3,1
240,5,1
199,8,1
159,8,1
167,6,0
176,4,0
238,2,0
24,5,1
177,7,0
11,7,0
119,7,0
55,5,1
222,6,0
156,10,1
19,7,0
26,6,0
105,1,1
177,6,1
93,3,1
96,9,0
134,2,1
109,0,1
228,2,0
75,0,1
98,10,1
64,0,0
228,2,0
144,1,0
68,1,0
192,1,1
61,4,0
134,6,1
92,2,0
62,0,0
184,7,0
87,1,0
208,9,1
148,0,1
112,7,1
290,10,1
131,5,0
292,6,1
14,10,0
34,8,1
146,5,1
148,1,1
283,9,0
58,10,1
42,9,0
85,1,1
36,10,1
175,5,1
135,4,1
226,9,1
89,0,0
170,9,1
194,4,0
165,4,0
214,5,1
100,8,0
80,3,0
204,10,1
34,0,0
286,7,1
211,8,1
267,4,0
84,8,1
103,0,1
102,3,0
157,4,1
116,3,0
261,9,1
140,3,1
271,10,1
119,3,1
207,7,1
107,8,1
135,9,1
213,10,1
246,4,0
276,7,1
109,1,0
168,3,1
268,9,1
130,0,0
80,1,1
173,10,1
221,8,1
146,1,0
295,6,1
85,3,0
83,2,0
142,8,0
205,5,0
96,9,0
235,2,0
125,5,0
196,2,1
137,10,0
269,5,0
100,2,1
208,0,0
156,8,0
63,10,0
32,4,1
227,2,0
208,10,1
207,3,1
149,8,1
84,6,1
285,10,0
98,0,0
67,4,1
140,10,1
197,7,0
280,10,1
124,9,0
10,10,0
204,9,0
21,6,1
159,5,1
237,1,0
67,9,1
81,8,0
242,9,0
261,10,0
41,0,1
25,3,0
293,4,1
13,8,0
34,1,1
158,5,1
270,0,0
147,2,0
205,1,0
77,1,0
95,0,1
293,2,1
60,0,0
170,1,1
237,6,0
235,3,1
57,8,1
153,8,0
284,1,1
178,2,1
90,4,0
167,8,0
181,0,1
42,3,1
31,3,1
55,8,1
80,6,0
224,3,1
149,5,1
220,8,0
154,2,1
100,9,1
217,0,1
41,0,0
99,8,0
108,6,0
95,9,1
116,8,0
250,3,1
253,2,1
120,4,0
131,4,0
293,3,1
234,9,1
18,8,0
238,0,0
178,7,1
65,8,0
183,6,0
300,9,0
148,6,0
90,5,1
95,10,1
273,10,0
161,1,1
244,4,1
169,0,1
48,7,0
112,2,1
161,2,0
121,7,1
292,3,1
154,10,1
110,9,0
257,4,1
70,8,0
44,8,1
197,10,1
268,10,1
286,7,0
70,9,1
16,0,1
99,9,0
120,8,0
203,10,1
22,7,1
114,0,1
239,5,0
53,2,1
184,3,1
104,1,1
24,3,1
23,5,0
168,6,0
189,0,1
294,6,0
86,0,0
22,5,0
207,4,0
240,9,0
97,6,1
157,2,1
298,7,1
108,8,0
32,10,0
22,2,0
249,9,0
157,4,1
124,5,0
292,8,0
272,4,0
30,3,1
229,10,1
132,4,0
268,7,0
105,2,1
28,8,1
107,4,0
41,0,0
184,8,1
98,2,0
220,4,0
176,0,0
263,7,1
102,0,1
37,1,0
130,2,1
142,3,0
148,5,1
84,0,0
250,1,0
239,10,0
21,7,0
97,1,0
269,4,0
292,8,0
55,5,1
20,0,1
93,8,0
137,8,1
243,4,1
174,9,0
256,6,0
91,10,1
106,1,1
66,9,1
123,6,1
61,9,0
49,5,1
270,10,1
25,2,0
233,9,1
242,10,1
269,2,0
234,1,0
138,3,1
24,10,1
15,4,1
246,1,1
129,1,0
228,0,0
21,2,1
71,10,0
157,4,0
22,8,0
203,2,0
105,9,0
70,5,1
89,5,0
240,6,0
155,10,0
51,3,1
256,9,0
173,6,0
125,8,0
104,8,0
145,0,1
130,9,1
132,0,1
137,10,0
110,10,1
171,7,0
167,2,0
172,5,1
130,10,0
253,6,0
285,2,1
198,6,0
133,10,0
185,0,0
235,7,1
150,7,1
257,8,1
153,2,0
87,1,0
275,1,1
289,8,0
279,0,1
156,1,0
121,5,0
108,10,1
93,1,1
299,9,0
180,6,0
134,9,1
28,8,1
231,7,0
145,4,0
127,0,0
97,9,0
194,0,0
97,1,0
248,7,0
121,4,1
220,3,1
180,0,0
33,4,0
129,1,0
214,4,0
37,3,0
279,6,0
78,7,0
160,8,0
290,8,0
122,8,1
138,10,1
267,3,1
259,10,1
222,1,1
96,0,1
293,7,1
157,0,1
288,3,0
20,7,0
152,10,0
237,2,1
194,1,1
291,1,1
45,8,1
118,9,0
115,4,0
95,4,1
138,1,0
137,2,1
193,6,0
76,0,0
128,2,1
239,1,1
136,1,0
150,9,0
25,1,1
64,1,0
165,6,1
295,10,1
263,2,1
125,4,1
77,10,1
155,3,0
59,0,0
164,5,0
31,4,0
115,8,0
293,7,1
162,10,1
229,6,1
264,3,0
250,0,0
280,2,0
221,0,1
226,8,0
188,7,0
222,7,1
45,1,0
32,7,1
182,6,0
287,2,0
114,7,0
19,5,0
52,10,0
178,2,1
218,6,1
